description,company_profile,requirements,benefits,fake
develop test plans regression test plans for the functional areas,unify formerly known as siemens enterprise communications is a premier,education experience amp profilebsms in computer science information systems or,competitive remuneration packageprivate insurancework in a challenging multinational environmentcontinuous training,0
as a risk analyst you will form an integral part,marketinvoice is one of the most highprofile london based fintech,a keen interest in sme finance credit risk managementgood judgement,competitive salarycompany benefits include healthcare and half price gym membershipthe,0
about bluebridgebluebridge is a leading software as a service saas,bluebridge was created by a team of people who are,experience and required skillsyou have direct experience planning marketing activities,full health benefits dentalvision availablefull unlimited coffee tea espresso bar,0
join a world class team thats committed to open sourcewe,franq is a pos development house we are part of a,mandatorythorough knowledge of javascript html and cssmore than months commercial,about the companyfranq is a pos development house we are,0
were proud of what we do at cohaesus we deliver challenging,cohaesus is a trusted partner to the worlds greatest advertising,required skillsexpert knowledge of net c with sql servergood knowledge,days holidayhealth planbonus schemementoringtraininga herman miller chairthe opportunity to work,0
hiring for full time and per diem shifts throughout the,taa talent advertising agency creative group is a fastpaced talent,current texas rn license or compact license from another state,sign on bonuses referral bonuses top pay hour shifts pto,0
the call center representative i will provide a socially responsible,as the industrys largest supply contracting company novation serves the,years customer serviceexcellent communication skills both verbal and written ability,competitive salaries and comprehensive benefits and programs including health and,1
design is what makes simpletax different instead of yet another,we are a small team changing the way everyone thinks,previous experience designing financial services would be great but not,equity in a venture backed company and a small monthly,0
an opportunity has come available for a senior java developer,everything you need to track vehicles assets amp equipmentfleetsmart is,yrs java and javascript experience must have experience using spring,salary of benefits working with the latest technologiesmeeting customers to design,0
we are looking for emts to become lift coaches at,at atlas lift tech safety always comes first  we are,position responsibilitiesteaching safe patient handling methodology to existing hospital staffperforming,at atlas lift tech we are innovators and we value,0
we are a boutique digital agency based in auckland serving,tell is a digital creative agencyits not just who you,you will bea master of htmlcssknowledgable in javascript with experience,k salary based on experiencesouthern cross health insurancea fully stocked,0
classy is the worlds largest fundraising platform for social good,stayclassy is a fastgrowing san diegobased startup that develops an,about youyou love front end development and working with the,our awesome perks weeks of paidtime off week of paid,0
qualified candidates are encouraged to apply directly to this job,macpherson oil and refined resources have partnered up in an,required qualifications years oil treating water plant and steam generator,what is being offered world renowned leadershipopportunity for advancement quickly as,1
were looking for our nd marketing hire and are open,pathsource is building the first integrated mobile career discovery engine,here are some of the things were looking for awesome,competitive including early stage options full benefits package gym and,0
mentors we are aspiring to change education by redefining the way,mentors answers the question what do you want to be,we are considering the following requirementsexcellent command of formal english both,immediate financial rewards or equity options will be discussed in case,0
lhbs is a strategy firm that approaches marketing and innovation challenges,lhbs is an unconventional strategy firm with office in berlin,your backgroundyou are a team player that understands that sharing,what we offera competitive salaryinteresting cross category projects with amazing,0
the rolethe rma coordinator will play an essential role in,tile is one of the most successful crowdfunded campaigns in,associate degree or proven related experience desired year of experience,own equity in tile every employee is a stakeholder in,0
who are weproficio mortgage is a rapidly growing mortgage lender,proficio mortgage is a rapidly growing mortgage lender that cares,demonstrate the ability to represent the company in a professional,hourly pay full time hours per week no weekends fun,0
wm sprinkman designs builds and installs stainless steel processing systems,dairy food and beverage processors work within one of the,years of experience in fabrication andor field service preferably in,we provide a solid benefits package with health dental vision,0
ust testing lead technicianbakersfield ca local petroleum company operates primarily in retail,staffing amp recruiting done right for the oil amp energy,responsibilities amp position requirements the ideal candidate will have experience working,competitive compensation package including base full benefits package expense account,1
collaborate with the product and marketing teams to develop marketing,everyone has a story to tell everyone is unique everyone,required experienceba or bs with focus on communication marketing journalism,competitive salary commensurate with skills and work experience company stock incentive,0
pei media urlcffebdacdededaecbefccd provides a range of highly respected publications and,pei media urlcffebdacdededaecbefccd provides a range of highly respected publications and,you will have some experience in professional book commissioning youll,in addition to an excellent salary and benefits package pei offers highly rewarding career,0
the vp of product management is responsible for the design,founded in by early linkedin employees peoplelinx gamifies employee engagement,bachelors degree masters is preferable and years of product management,opportunity to work with an extremely cohesive and high energy,0
the director of strategy is to contribute at a senior,bcv is the premier fullservice social media provider in the,have a bachelors degree and at least six years of,monthly gym membershipmonthly phone stipend and new iphone upgradehealth vision,0
you are passionate about the convergence of breakthrough technology with,actioniq is a stealth startup building the next generation of,bs in computer science or similar msphd a plus  years,become a significant stakeholder of actioniq as part of your,0
this is pivotal position and integral to the gamer experiencewhat,who is abzorba gamesfounded in we pride ourselves on creating,passionate gamersolid understanding of game play dynamics and game economicscreativity,what is abzorba offeringa world leading gaming company renowned in,0
our company is growing fast we are constantly looking for,babbel enables anyone to learn languages in an easy and,years experience in a startup internet environment and know all,responsibility from day one and professional and personal growthpotential within,0
are you interested in a satisfying and financially rewarding role,adthena is the uks leading competitive intelligence service for google,youll need to be smart and passionate and have years,in return well pay you well give you some ownership,0
super soccer stars is excited to offer a dynamic position,super soccer stars is the countrys most popular soccer development,minimum of years experience in the field of marketing with,we offer a competitive starting salary excellent growth potential outstanding,0
aker solutions is a global provider of products systems and,aker solutions is a global provider of products systems and,qualifications amp personal attributes proficient in microsoft products including word excel,we offer  friendly colleagues in an industry with a bright,1
research engineer data science san mateo ca responsibilities include understanding and,aptitude staffing solutions has redesigned the recruiting wheel our innovative,position requirements quickly learning new areas being able to read scientific,the benefitsgenerous paid time off to help you maintain a,1
we provide no credit check financing to customers of small,we have aggressive growth plans in place for the coming,experience and skills  required minimum of years of sales experience,we provide complete online training and office support flexible working,1
corporate overviewaker solutions is a global provider of products systems,aker solutions is a global provider of products systems and,qualifications amp personal attributeshnc in electronic or electrical engineeringcity amp,we offer friendly colleagues in an industry with a bright,1
we currently have a vacancy for a senior product manager,european dynamics urlcffaceabdaccedbfdcdbfcacca is a leading european software information and,your skillsuniversity degree with demonstrated experience in  project management methodologies,our offer if you are seeking a career in an,0
about vault dragon vault dragon is dropbox for your physical stuff,jungle ventures is the leading singapore based entrepreneur backed venture,key superpowers years of highpressure sales experience but if you,basic sgd equity negotiable for a rock starground floor opportunity,0
act as a first point of contact for employeerelated issues,as the industrys largest supply contracting company novation serves the,minimum of three years of work novationoffers an empowered work,novation offers an empowered work environment that encourages creativity initiative,1
we have aggressive growth plans in place for the coming,we have aggressive growth plans in place for the coming,experience and skills  required minimum of years of sales management,we provide complete online training and office support flexible working,1
transferwise is the clever new way to move money between,want to build a st century financial servicewere convinced that,were looking for somebody toown development of transferwise android apps write,apart from a competitive salary and allexpensespaid company holidays twice,0
the eatads team is growing and we are seeking an,eatads is a global platform business like urlefdaeaeddaeafbaaccdaeefcfe or urlbabcbcdebccbdcfbddbfbe but instead for the,experience proficiencydemonstrated success in selling saas andor media solutionsbachelor degree,we are happy to pay for high performers we want,0
the primary function of this position is to perform specific,red star yeast company llc rsyc a leader in the,must be able to understand and follow the flow of,benefit compensation and shift schedule detailsshift schedule day shift am to,0
welcome and greet customers modeling a positive customer service spirit,the accion  story began more than years ago in the,year applicable retailcustomer service work experience is a plus enjoys teamwork,k health care plan dental life insurance money marketing plan,1
as a estimator you will provide assistance to our customers,abc supply co inc is the nations largest wholesale distributor,as a estimator you must have the ability to provide,as a estimator you may have opportunities for advancement since,0
my client is a fastgrowing wellfunded startup bringing innovation to,since rl zapin associates has been a recognized leader in,what they really wantyou have managedbuilt an analytics team in,what youll geta chance to build something and be recognized,0
as an outside sales representative you must have excellent sales,abc supply co inc is the nations largest wholesale distributor,track record of sales success bb or bcno minimum experience,as an outside sales representative you will receive paid sales,0
learn a valuable set of skills while maintaining outstanding relationships,fundation is a technologyempowered direct lender that delivers small balance,years of work experience in a role that requires either,salary and bonus commensurate with experience and capabilitiescomprehensive benefits packageworking with an incredible,0
are you currently a medical devicepharmaceutical representativeare you currently a,united med force was created due to the high demand,successful medical device pharmaceutical or compounding sales experience strong existing,ancillary product that will compliment your existing call cycle without,0
we currently have vacancies for an etl developer fluent in,european dynamics urlcffaceabdaccedbfdcdbfcacca is a leading european software information and,your skillsuniversity degree in computer science or related field or,our offer if you are seeking a career in an,0
simworx is a world leader in the design and manufacture,simworx is acknowledged as one of the worlds leaders in,you needexperience in  operations management of a designbuild and assembly,in return aside from working within one of the most,0
corporate overviewaker solutions is a global provider of products systems,aker solutions is a global provider of products systems and,qualifications amp personal attributes educated to hnc levelunderstanding of the offshore,we offer friendly colleagues in an industry with a bright,1
we are excited to announce that mobile trainers is rebranding,mobile trainers is a private mobile personal fitness training companyservices,years of supervisory experience with administrative responsibilitydemonstrated ability to organize,very flexible work hoursparticipate in profitshare as an ownership partnerpay,0
senior account manager new york cityare you a confident driven,gpl technologies is a solutions provider focused on the design,were looking for a flexible sales rep with the stamina and,no commission caps  theres no limit to how much you,0
qubit cutting edge big data engineeringqubit are looking for an,founded in by a team from googles london and new,what youll needexperienceminimum of a babs or higher from top,plenty of perksas well as the opportunity to solve complex,0
urlbcedecddbcabbbdbcefdbdbbcebdf is leading the way with technology thats evolving with,aptitude staffing solutions has redesigned the recruiting wheel our innovative,requirementsbasic qualificationsproven experience in management of digital ad delivery optimization,our core values drive our culture this is what we,1
crest financial is a fun energetic successful established finance and,crest financial is one of the leading privately held consumer,high school diploma or general education degree gedone to three,medicaldental benefits for full time employeescommissionspaid holidaysopportunity for growthraisesmonthly incentivesbonuses,0
our company is a young fastgrowing startup we launched our,hello worldtalents drives the change in digital recruitment and develops,education kauffrau kaufmann fr tourismus und freizeit reisebrokauffraukaufmann reiseverkehrskauffraukaufmann studium im,parttime position at our office in munichstart augsept onwards and,0
software engineer forecasting optimization san mateo calooking for a smart,aptitude staffing solutions has redesigned the recruiting wheel our innovative,desired skills amp experiencebs in computer science mathematics statistics or,the benefitsgenerous paid time off to help you maintain a,1
we are the most efficient and motivating way to become,hello worldtalents drives the change in digital recruitment and develops,strong communication skillshands on approach with focus on execution a,high impact and responsibility in a very successful and fast,0
are you a degreequalified marketing or technology professional do you,eroad was established to modernise new zealands paperbased ruc regime,requirementsexperience in launching new products and managing product lifecyclecommercial acumen,in return we offer a competitive salary career development opportunities,0
our online education marketplace will help students and tutors all,hello worldtalents drives the change in digital recruitment and develops,the fitwe are looking for a new team member with,in may weve been accepted to wayra academy in munich,0
our call center rep would be expected to be experts,the accion  story began more than years ago in the,the qualifications for this position ensure your personal and professional,coverage of dental vision and life insurance coverage of medical,1
urledaddcedbfcdfbefcefbceabeaad an up and coming social media company is seeking,wdm group is an innovative forward thinking digital company aimed,job requirementsa reputation as a gogetter and rainmaker solid relationships,businessfriend will offer a competitive six figure salary for this,0
we are a fullservice engineering project management design and safety,process unlimited and refined resources have partnered up in an,qualificationsmanaged small to midsize engineering projects to years experience as,what is offered clean safe enjoyable environment to work in,1
kin is seeking a ui engineer to join our small,kin is a hosted hr management app used by small,who were looking foryou are a frontend native  you speak,in addition to a competitive base salary we offer an,0
we have extensive experience in battery storage technologies and renewable,hello worldtalents drives the change in digital recruitment and develops,expert in best of class metering solutions for us solar,want to be part of a fast growing high energetic,0
backgrounda sales and account management role in the business development,marketinvoice is one of the most highprofile london based fintech,years bb solution sales experience is favorable but individuals looking,based in our london holborn officefull time basic salary of,0
your responsibilities manage the englishspeaking editorial team and build a team,founded in the fonpit ag rose with its international web portal androidpit to the,your knowhow university or college degree in journalism media or,your benefits being part of a fastgrowing company in a booming,0
optimy is a fastgrowing company that develops and sells a,optimy is a fastgrowing company that develops and sells a,our ideal candidates have the ambition to gain experience in,an exciting work experience in a young and fastgrowing companyan,0
the position reports to the head of engagement management in,upstreams mission is to revolutionise the way companies market to,requirementsthe ideal candidate will be bright ambitious selfdriven hardworking and,salary amp benefitsthe opportunity to learn and grow in a,0
raygun is a fast growing mindscape product urlbfaddcdddeaecedccbabdfaab raygun is a cloud,mindscape is a wellington based software development company that specialises,years experience in project or product managementvery good english writing,youll be part of a fast growing company in a,0
want to be part of a globally focused tech team,frustrated with the status quolike to reimagine whats possiblewant to,you will most likely havea solid mastery of modern web,you will be part of an awesome team of innovators,0
marketinvoice is looking for a settlements analyst to join our,marketinvoice is one of the most highprofile london based fintech,strong attention to detail with a high level of accuracyexcellent,competitive base salarythe opportunity to progress your career at one,0
qualified candidates are encouraged to apply directly to this job,dte energy and refined resources have partnered up in an,knowledge skills amp abilitiesa high school diploma or ged is,what is offeredcompetitive compensation package matched retirement fundannual vacations paid,1
the ideal graphic candidate has a passion for vayus mission,vayu builds affordable unmanned aerial vehicles uavs for healthcare supply,current university of michigan art amp design studentqualitiespassionate about design,internship credit may be arranged  please see the stamps school,0
this unique fieldbased fulltime program brings together individuals from different,the amani institute is about developing whole individuals who have,what do we look for in a program participantif you,sign up for classmates from around the worldfacilitated apprenticeship placementdeveloping,0
docdoc are searching for a creative talented and enthusiastic professional,jungle ventures is the leading singapore based entrepreneur backed venture,expert in google adwordshealthcare industry experience is preferred but not,competive cash real equity for the right personwe want this,0
as an outside sales representative you must have excellent sales,abc supply co inc is the nations largest wholesale distributor,track record of sales success bb or bcno minimum experience,as an outside sales representative you will receive paid sales,0
the center manager must establish and maintain excellent customer service,the accion  story began more than years ago in the,high school graduate ged or equivalent training and experienceknowledge of,social security tax saver program section flexible spending account deferred,1
essential duties and responsibilities develop budget and schedule in alignment,staffing amp recruiting done right for the oil amp energy,general qualificationsmust have a desire to learn work in a,what is offered clean safe enjoyable environment to work in,1
the companythe beans group is a media company that exists,the beans group is a media company that exists to,degree in designillustration or relatedproven photoshop and illustrator skills for,life at the beans groupthere are many things that make,0
were looking for a talented growth wunderkind to join our,want to build a st century financial servicewere convinced that,must havesentrepreneurial passionate about business and technology and strong commercial,you will join one of europes most hotly tipped startups,0
our client is an international document management solutions corporation that,smart search delivers executive search solutions tailored for global organizations,degree qualified in a related fieldat least years experience in,our client offers a highly competitive remuneration package commensurate with,0
the tasting adventures presenter will engage customers into the hotel,luxury british cocoa grower and chocolatier hotel chocolat was founded,passionate about chocolate and cocoa productsengaging confident and inspirational speakerselfmotivated and,this role will be privy to all benefits currently enjoyed,0
transferwhocofounded by skypes first employee and backed by some of,want to build a st century financial servicewere convinced that,what skills do i need at least years of handson experienceexperience,transferwise prides itself on being a fun and friendly place,0
we have extensive experience in battery storage technologies and renewable,hello worldtalents drives the change in digital recruitment and develops,has certified power electronics with ul intertek and is expert,want to be part of a fast growing high energetic,0
balanced labs is a brand new wellfunded company with teams,balanced labs exists to provide accountants and small businesses everywhere,youll need to illustrate robust design thinking and sound interaction,we offer great salaries share options and a flexible approach,0
tidewater finance company located in henderson nv has fulltime positions,tidewater finance co was established in for the initial purpose,primary responsibilities include but are not limited to the followingmake,our company offers a competitive salary plus bonuses as well,0
vayu is seeking an aerospace mechanical engineer with an entrepreneurial,vayu builds affordable unmanned aerial vehicles uavs for healthcare supply,qualificationsbachelors with years experience or masters in mechanical or aerospace,selected candidate will be offered an excellent base salary commensurate,0
as an outside sales representative you must have excellent sales,abc supply co inc is the nations largest wholesale distributor,track record of sales success bb or bcno minimum experience,as an outside sales representative you will receive paid sales,0
dice is the smartest ticketing app on earth and were,dice gets fans the best tickets at face value with,you live in londonbrilliant communication skills both written and verbalexperience,youll be working with smart people who have amazing ideas,0
about the companywe are ticketscript the european market leader in,about the companywe are ticketscript the european market leaders in,your profilewould you like to work in a professional environment,our offera competitive salary within an international and growing technology,0
advisor websites is a global leader in website software for,company website urlbbcdcebdbeffeedfdedcbfecbcffdbdadvisor websites has been a player in the,you must have proven sales experience in a successful saas,we offer an amazing culture and work environment for those who seek,0
we arestack exchange is a fastgrowing network of over question,stack exchange is a fastgrowing network of over question and,what youll need to haveexperience in a customer facing technical,what well we give you in returnour office is based,0
as a sales representative you will provide assistance to our,abc supply co inc is the nations largest wholesale distributor,as a sales representative you must have the ability to,your benefits package as a sales representative may includehealth dental,0
about depopdepop is an exciting new mobile marketplace where you,depop is an exciting new mobile marketplace where you can,about youincurably and insatiably curious years experience in a business,generous salarygreat offices near old streetapple equipmentworking with a wellfunded,0
director of engineering applications san francisco caour team is composed,aptitude staffing solutions has redesigned the recruiting wheel our innovative,what you bring to the tablebs ms in computer science,what we offer competitive salary excellent benefits and some of the,1
qualified candidates are encouraged to apply directly to this job,jaco oil and refined resources have partnered up in an,qualificationsavailability to work overtime and out of town at timesgeographical,competitive compensation package including base full benefits package expense account,1
we are netguru and we love to develop web applications,we are netguru and we love to develop web application,great junior hr marketing manager is a person who knows,perks amp benefitscofinancing international conferencesenglish lessons once a weekhalfprice lunchesfifa xbox amp other,0
we are looking for an amazing senior server side big,as augmented reality jobs go one at blippar is hard,we need an experienced big data engineer who understands the,our bright open centrally located offices are energetic environments bursting,0
rent rebate is a technology startup in austin that is,searching for an apartment is a nightmare were going to,friendly no one wants to talk to a sour puss,about rent rebatesearching for an apartment is a nightmare were,0
if you have a passion for people and love to,founded in the mid s our services include building and management of,responsibilities prospecting following up and lead generation make calls to,per hour plus commissions  fastest growing digital agency in sydney ,0